{"Epoch":4,"_timestamp":1.7379385094167132e+09,"Test Accuracy":0.7010309278350515,"Train Accuracy":0.991130820399113,"_wandb":{"runtime":60},"_step":2255,"Batch Loss":0.008966719110806784,"Validation Accuracy":0.6701030927835051,"Test Loss (epoch avg)":0.9560218613172314,"Train Loss (epoch avg)":0.04790376064815701,"_runtime":59.1003009,"Examples Seen":2255,"Validation Loss (epoch avg)":1.0780496978268177}