{"_timestamp":1.7379201100662029e+09,"_wandb":{"runtime":102},"_runtime":102.7221901,"_step":2255,"Batch Loss":0.021513888612389565,"Examples Seen":2255,"Epoch":4}