{"_runtime":82.4031556,"_step":284,"_wandb":{"runtime":94},"Batch Loss":0.0176524817943573,"Examples Seen":2255,"Epoch":4,"_timestamp":1.7379205810082994e+09}