{"_runtime":106.1403281,"Test Avg Loss":1.0543610704198634,"_step":294,"Batch Loss":0.0037853975469867387,"Train Accuracy":97.11751662971176,"Train Avg Loss":0.09836122748790982,"Examples Seen":456,"Epoch":4,"_wandb":{"runtime":107},"Test Accuracy":68.04123711340206,"_timestamp":1.7379190424336717e+09}