{"_wandb":{"runtime":103},"Batch Loss":0.01769943783680598,"Examples Seen":2255,"Epoch":4,"_timestamp":1.7379223121587892e+09,"_runtime":103.9817994,"_step":2255}