{"_timestamp":1.737988231651446e+09,"_runtime":1.8812248999999999,"_step":42,"Validation_loss":0.6729655861854553,"train_accuracy":0.7,"Test_accuracy":0.7272727272727273,"article_length_histogram":{"artifact_path":"wandb-client-artifact://1qs94cqk3b5dihvdc7h61lia25ce3l86b8c7a2g05tkipekvlrlpqrjzkkfg0xrc9fgpinb7rvucdsix668cxr4e29y4c42wvxw17b192vk94b496q1wc687gdecg2iq/article_length_histogram.table.json","_latest_artifact_path":"wandb-client-artifact://c4wv088ixm23j4y8crw8xjugvnxg7il7ooisb4d79s15mtths7g7zbdmuvv9p8nw842b17ty3ljroik36f9hodjpwetlct9dld2laqfg4amu9lo9whnt3w931x9ubvjh:latest/article_length_histogram.table.json","path":"media/table/article_length_histogram_0_ac84abbed80cd7083900.table.json","ncols":2,"nrows":21,"_type":"table-file","sha256":"ac84abbed80cd70839000955d21edb23b42bf6dfedea800506b8c58fefc68927","size":388},"train_loss":0.6671510338783264,"epoch":5,"Validation_accuracy":0.671875,"_wandb":{"runtime":1},"Test_loss":0.6752239200803969}