{"Examples Seen":2255,"_timestamp":1.737926563785034e+09,"_wandb":{"runtime":54},"Train Loss (epoch avg)":0.04777539488415496,"Batch Loss":0.026870826880137127,"_step":2255,"Validation Accuracy":0.711340206185567,"Validation Loss (epoch avg)":0.9219502751360235,"_runtime":53.557485,"Epoch":4}