{"_timestamp":1.7379470188440478e+09,"_runtime":0.406953,"_step":0,"_wandb":{"runtime":0},"article_length_histogram":{"_type":"histogram","values":[2,4,15,29,27,36,14,28,26,33,19,16,5,10,2,2,7,3,3,1,18],"bins":[0,50,100,150,200,250,300,350,400,450,500,550,600,650,700,750,800,850,900,950,1000,1050]}}