{"Validation_loss":47.04552662372589,"_wandb":{"runtime":1},"_step":42,"epoch":5,"train_loss":9.797531127929688,"Test_accuracy":0.9393939393939394,"Test_loss":220.0745628145006,"train_accuracy":0.95,"article_length_histogram":{"_latest_artifact_path":"wandb-client-artifact://oce8cyaq1upym2h3gdl0jz4g75g9exka6kjn9gc3zv5mrovt4uf6mza07gstqnneve0vqmccq2ytyudglzj95n9zbyodus6829a2dqg5evaqo5niyfkphy2a6120gtvd:latest/article_length_histogram.table.json","path":"media/table/article_length_histogram_0_ac84abbed80cd7083900.table.json","ncols":2,"nrows":21,"_type":"table-file","sha256":"ac84abbed80cd70839000955d21edb23b42bf6dfedea800506b8c58fefc68927","size":388,"artifact_path":"wandb-client-artifact://6w17zxp8mvkktdc1gcpc36p0aepj473rexmz4a6tp2fsb625mymycag917wzirdn9ai9pbfg4k9ror9f52qe65790afox9g6xnyjcorawy3cu6g9yqrr6agxo7iwrygt/article_length_histogram.table.json"},"_timestamp":1.7379526112187347e+09,"Validation_accuracy":0.921875,"_runtime":1.8177940000000001}