{"Epoch":4,"_timestamp":1.7379217188868759e+09,"_runtime":95.7699872,"_step":2255,"_wandb":{"runtime":95},"Batch Loss":0.04333791136741638,"Examples Seen":2255}