{"Epoch":0,"_timestamp":1.7379259241000118e+09,"_runtime":8.757414,"_wandb":{"runtime":8},"_step":451,"Batch Loss":0.9143335024515787,"Examples Seen":451}