{"_wandb":{"runtime":97},"_timestamp":1.7379196639037359e+09,"_runtime":85.6549277,"_step":284,"Batch Loss":0.024984583258628845,"Examples Seen":456}