{"Test_loss":0.6714954243765937,"_wandb":{"runtime":1},"train_loss":0.65268874168396,"Validation_accuracy":0.71875,"_timestamp":1.7379883440127656e+09,"train_accuracy":0.825,"Test_accuracy":0.7575757575757576,"epoch":5,"article_length_histogram":{"size":388,"artifact_path":"wandb-client-artifact://r8i0ldovolymgqj77qoe3qh568j3wtwsp04e5fb052nnirhouc3jtf9kya4y0a3pglgudms1d374zjqcba8mttxbm4jhegv3smij5o6mxzz94jd4qwztx1vuw92xhn3g/article_length_histogram.table.json","_latest_artifact_path":"wandb-client-artifact://j46108fxod9akn1cwrryi8xtmeoct4bi4e9e59sxdf6ml9llop0u9nug80gv0pr3yqfd6tuzywpd2824k780p8kksh8d6ng63bvwjwgtdcs6hwrun17axjn9gxdw0tsp:latest/article_length_histogram.table.json","path":"media/table/article_length_histogram_0_ac84abbed80cd7083900.table.json","ncols":2,"nrows":21,"_type":"table-file","sha256":"ac84abbed80cd70839000955d21edb23b42bf6dfedea800506b8c58fefc68927"},"_step":42,"_runtime":1.9733920999999999,"Validation_loss":0.6662012934684753}