{"_wandb":{"runtime":94},"Batch Loss":0.0210944265127182,"Examples Seen":2255,"Epoch":4,"_timestamp":1.7379383109537272e+09,"_runtime":94.6649293,"_step":2255}