{"_runtime":105.9714465,"_wandb":{"runtime":105},"_step":2255,"Batch Loss":0.012310228000084559,"Examples Seen":2255,"Epoch":4,"_timestamp":1.7379203129831893e+09}