{"_wandb":{"runtime":0},"Count":17,"_timestamp":1.737942275428953e+09,"_runtime":0.589361,"_step":229,"Article Length":1024}