{"article_length_histogram":{"nrows":21,"_type":"table-file","sha256":"ac84abbed80cd70839000955d21edb23b42bf6dfedea800506b8c58fefc68927","size":388,"artifact_path":"wandb-client-artifact://e6pitx1vmrlerniwtibghcxwb39pt3n47miuqyzc2bsvc5lcoem7neb4f8excuno2rj5x06q67v6l04dk3elw4fcgktwt5jclwmm36mqtrmtymuqqbstb00zg6b3obmp/article_length_histogram.table.json","_latest_artifact_path":"wandb-client-artifact://55cek5c04yk9b0i693ub1lokyxrgenk8y82br67wbqz138l5pj9r6u9nk74lrtxjdfp5kn6vpqvm3k59jj7xi5ujwyeye6i07ko4m8zfp9ixjpsv2f7a68rkdecyy8so:latest/article_length_histogram.table.json","path":"media/table/article_length_histogram_0_ac84abbed80cd7083900.table.json","ncols":2},"train_loss":0.6558833718299866,"Test_loss":0.6691257887416415,"_step":42,"Validation_loss":0.6627152040600777,"Validation_accuracy":0.765625,"_wandb":{"runtime":1},"epoch":5,"_runtime":1.8871807999999999,"Test_accuracy":0.696969696969697,"train_accuracy":0.8,"_timestamp":1.7379882922165596e+09}