{"_step":451,"Batch Loss":1.00425386428833,"Examples Seen":451,"Epoch":0,"_timestamp":1.7379264016390646e+09,"_wandb":{"runtime":9},"_runtime":9.2147278}