{"_runtime":0.3769819,"_step":20,"Article Length Range":1000,"Count":18,"_timestamp":1.7379468705938652e+09,"_wandb":{"runtime":0}}