{"_runtime":0.3981242,"_step":0,"article_length_histogram":{"_type":"histogram","values":[2,0,0,0,1,3,3,8,4,5,11,12,8,11,8,11,13,11,5,2,9,6,11,8,6,11,7,9,13,8,8,4,6,7,5,7,6,1,1,3,3,3,3,1,1,1,0,1,0,2,2,1,3,1,1,1,0,0,3,0,1,0,0,18],"bins":[8,23.875,39.75,55.625,71.5,87.375,103.25,119.125,135,150.875,166.75,182.625,198.5,214.375,230.25,246.125,262,277.875,293.75,309.625,325.5,341.375,357.25,373.125,389,404.875,420.75,436.625,452.5,468.375,484.25,500.125,516,531.875,547.75,563.625,579.5,595.375,611.25,627.125,643,658.875,674.75,690.625,706.5,722.375,738.25,754.125,770,785.875,801.75,817.625,833.5,849.375,865.25,881.125,897,912.875,928.75,944.625,960.5,976.375,992.25,1008.125,1024]},"_wandb":{"runtime":0},"_timestamp":1.7379416044899652e+09}