{"article_length_histogram":{"bins":[67,270.40625,473.8125,677.21875,880.625,1084.03125,1287.4375,1490.84375,1694.25,1897.65625,2101.0625,2304.46875,2507.875,2711.28125,2914.6875,3118.09375,3321.5,3524.90625,3728.3125,3931.71875,4135.125,4338.53125,4541.9375,4745.34375,4948.75,5152.15625,5355.5625,5558.96875,5762.375,5965.78125,6169.1875,6372.59375,6576,6779.40625,6982.8125,7186.21875,7389.625,7593.03125,7796.4375,7999.84375,8203.25,8406.65625,8610.0625,8813.46875,9016.875,9220.28125,9423.6875,9627.09375,9830.5,10033.90625,10237.3125,10440.71875,10644.125,10847.53125,11050.9375,11254.34375,11457.75,11661.15625,11864.5625,12067.96875,12271.375,12474.78125,12678.1875,12881.59375,13085],"_type":"histogram","values":[2,0,5,12,10,19,17,21,22,11,19,11,20,14,9,22,19,10,8,6,5,2,2,1,6,0,0,6,2,1,1,0,0,1,1,0,0,0,2,1,1,1,2,0,0,1,0,2,0,0,1,0,1,1,0,0,1,0,0,0,0,0,0,1]},"_wandb":{"runtime":0},"_timestamp":1.7379405076076915e+09,"_runtime":0.462121,"_step":0}