{"_wandb":{"runtime":0},"_step":299,"Article Length":257,"_timestamp":1.7379420000694034e+09,"_runtime":0.5780065}