{"Examples Seen":0,"Epoch":0,"_timestamp":1.7379214819912364e+09,"_runtime":8.6833154,"_step":56,"_wandb":{"runtime":16},"Batch Loss":0.945944627126058}