{"train_loss":0.6823216080665588,"train_accuracy":0.9,"Test_loss":0.6890442172686259,"_step":42,"epoch":5,"Validation_accuracy":0.75,"_wandb":{"runtime":3},"Test_accuracy":0.6818181818181818,"Validation_loss":0.6882844865322113,"article_length_histogram":{"_type":"table-file","sha256":"ac84abbed80cd70839000955d21edb23b42bf6dfedea800506b8c58fefc68927","size":388,"artifact_path":"wandb-client-artifact://ksvrky7v66tl7fz1fh7op329ts2949fwm0v75ajyupy3w213qmkie6z374bfgu183296j94llvtbcg5x6lk10dmo9oupcurw413dnyht2scmhe0spei0zgpmousr27q9/article_length_histogram.table.json","_latest_artifact_path":"wandb-client-artifact://g9b2wxh96brszfbaigqt8cck33pcg2tgyuh71lm1dctivb516bhuiqjz7oqs3g9ln4o6x77vdme8ah8wlu14bpj9m2jog4k6x8868xm3h1mfn2rq1t3iypnib1mb2819:latest/article_length_histogram.table.json","path":"media/table/article_length_histogram_0_ac84abbed80cd7083900.table.json","ncols":2,"nrows":21},"_timestamp":1.7379529093292255e+09,"_runtime":3.3734305}