{"article_length_histogram":{"values":[2,0,0,1,4,8,6,7,15,14,12,10,17,14,7,8,4,15,10,12,10,10,14,11,7,7,8,8,8,2,2,4,3,3,2,1,0,1,1,4,0,3,2,1,0,3,0,1,0,18],"bins":[8,28.32,48.64,68.96000000000001,89.28,109.6,129.92000000000002,150.24,170.56,190.88,211.2,231.52,251.84,272.16,292.48,312.8,333.12,353.44,373.76,394.08,414.4,434.72,455.04,475.36,495.68,516,536.32,556.64,576.96,597.28,617.6,637.92,658.24,678.5600000000001,698.88,719.2,739.52,759.84,780.16,800.48,820.8,841.12,861.44,881.76,902.08,922.4,942.72,963.04,983.36,1003.6800000000001,1024],"_type":"histogram"},"_timestamp":1.7379423823172517e+09,"_runtime":0.4627831,"_wandb":{"runtime":0},"_step":0}