{"_timestamp":1.737928366918798e+09,"Test Accuracy":0.7010309278350515,"Epoch":4,"Batch Loss":0.008850630993644396,"_runtime":62.4643881,"Test Loss (epoch avg)":0.8382680340833271,"Examples Seen":2255,"_step":2255,"Validation Loss (epoch avg)":0.9627977855410059,"Train Accuracy":0.9866962305986696,"_wandb":{"runtime":63},"Train Loss (epoch avg)":0.06971516672877012,"Validation Accuracy":0.6907216494845361}